1101;ANDRIANJAFY ALIMINA DONNIE;F;
1102;NIRIANTSOA FANJALALAINA;F;
1103;RAKOTONDRABE V.STEPHANIE;F;
1104;RAVELOMANANTSOA MIREILLE ;F;
1105;RAZAFIMALALA TINA ANNICK PATRICIA;F;
1106;RAZAFINDRAKOTO SOAFARA DINA LALAO;F;
1107;VONIMPITIAVANA ROSIE;F;
1108;ANDRIAMAHAY NARINDRA ;M;
1109;ANDRIAMBOLA FENO C.;M;
1110;ANDRIAMIHAJA LUCIEN;M;
1111;ANDRIAMITANTSOA MAHALEO JEAN FRANCIS;M;
1112;ANDRIANANTENAINA FANILSON;M;
1113;ANDRIANIRINA ANIL JUSTEL;M;
1114;ANDRIANJAFY FARITAKO LATORO;M;
1115;BETSAROANA ODIN BENJAMIN;M;
1116;DAVIDSON TSIRY. A;M;
1117;DJOUSSOUF HARRY FREDERIC;M;
1118;FANOMEZANTSOA HARIVONY ROGER CHRISTIAN;M;
1119;FIONONANTSOA KANTONIAINA RAJO;M;
1120;HANANANTSOA RADY MARIE ILDEVERT;M;
1121;HASINIAINA ANDRIANINA ;M;
1122;HERIMAMPIONONA JOSE EDDY;M;
1123;HERINANDRASANA CELESTIN FLEURIS;M;
1124;IZAFINDRALEZO JEAN JHONSON VICTORY;M;
1125;NANTENAINA RAKOTO JEAN MARIE;M;
1126;NOMENASOATAHINA TANTELY HAJAINA BERTHINI ALBERT;M;
1127;RABEARIMANANA TAMBIMAMPIONINA M.;M;
1128;RAFANOMEZANA NY AINA ;M;
1129;RAFANOMEZANJANAHARY HERY JEAN RODIN;M;
1130;RAKOTOARISOA HERY MICHEL;M;
1131;RAKOTONARIVO ONJATIANA HERIZO;M;
1132;RAKOTONDRAJAONA SANDRATRA JEREMIE;M;
1133;RAKOTONDRAMANGA SAVARAHONAM.N.A.T;M;
1134;RALAIMARO MANDRESIARISOA;M;
1135;RAMANAMBOLOLONA MIRINDRA ALAIN PATRCK;M;
1136;RANDRIAMAHEFA ADELPH ;M;
1137;RANDRIAMBOAVONJY PASCAL ;M;
1138;RANDRIAMIARINTSOA ROJONIRINA DANNY;M;
1139;RANDRIAMIFEHY SEDRA ANDRIAMISITOMBO;M;
1140;RANDRIANANDRASANA SAFIDINIAINA;M;
1141;RANDRIANANTENAINA T.J.MICHEL;M;
1142;RANDRIANJAKA F.BRUNO;M;
1143;RAPHAEL JEAN DRONIQUE;M;
1144;RASAMISON FANOMEZANJANAHARY MANO;M;
1145;RASOLOFOSON SANDY MAMPIONONA ;M;
1146;RAVALISON ANDRINIAINA VOARY;M;
1147;RAZAFINARAPAOLY ANDRIANATOAVINTSOA;M;
1148;RAZAFINDRAINIBE NJOHARINIRINA;M;
1149;RAZAFINTSEHENO MAMINIAINA;M;
1150;RAZAFITSIFERANA DESIRE;M;
1151;RAZAKANTOANINA NANTENAINA AURELIEN;M;
1152;SELMOND TSIAMPINDRAZY;M;
1153;SETRIFANASOAVANA VELOMENDRIKA RAKOTOMALALA;M;
1154;VONJINIAINA BIEN AIME;M;
1155;VONKEVETSE JEAN CHRISTOPHE ;M;
1201;ANDRINJAFINDRALEMA F. A. THERESA;F;
1202;BEBY ADELINE ;F;
1203;MIORA RINALDO RATOLOJANAHARY;F;
1204;RAHANITRINIAINA ZANAJAZA MARCELLINE LYDIA;F;
1205;RAHARISOA NY ANJARASOA MIARITIANA;F;
1206;SOATSARA LEHITA ORTHENSE;F;
1207;Z'ALAIMONGO NOMENJANAHARY ZOE JULIE;F;
1208;ANDRIAMAHAMANGA TOKY FIFALIANA;M;
1209;ANDRIANAMBININARIVO LANJATIANA AUGUSTIN;M;
1210;ANDRIANIONY RALINORO JOHARY;M;
1211;AVOMANANA JEANNEL;M;
1212;FANASINTSEHENO PEJY NAVALONA NIRINA;M;
1213;FENOSAY RAMBOLAFITIAVANA HENINTSOA;M;
1214;HANTAMAMONJY STEVEN CLARCK;M;
1215;HERINJAKA JEAN FREDERIC;M;
1216;KAMANENGY CELESTIN ;M;
1217;MAHAZOMANA RANTONIRINA BOTOTSANA;M;
1218;MOSA TSIVERY ;M;
1219;ONAH PAUL;M;
1220;RACHIDI ILIASSA ABOUDOU;M;
1221;RAFIANDRANA KENY MAMY;M;
1222;RAFIDISON RIVO. Y;M;
1223;RAHARIMALALA J. JUDICAEL;M;
1224;RAHARINJANAHARY NAMPIONONA;M;
1225;RAHARISON NIRINA AMBININTSOA;M;
1226;RAHONIMANANA SANTATRA DIMBINIAINA;M;
1227;RAJAONARISAONA FENO NY AINA;M;
1228;RAKOTOARIJAONA JOLIN;M;
1229;RAKOTONDRASOA J.M L. ARRIS;M;
1230;RAKOTONIAINA GERMAIN J E;M;
1231;RAKOTONIRINA HARIVOLA E. C.;M;
1232;RAKOTONIRINA ROMUALD JEROME;M;
1233;RALAHINIRINA ETIENNE JONAS A.;M;
1234;RAMAMONJISOA VAHATRINIAINA HERIHASINA AIME;M;
1235;RAMANANTSOA ANDRIANOME HARENA;M;
1236;RAMIANDRARIVO TEFINIRINA TAFITASOA;M;
1237;RANALIMANANA HARIMIANDRA ;M;
1238;RANDRIAMANJATO JEAN FREDERIC;M;
1239;RANDRIAMIHANTA D.S.GUSTAVE;M;
1240;RANDRIAMPARANY TED STEDOARDO;M;
1241;RANDRIANARISON FENO RAVO DANIEL;M;
1242;RANDRIANARIVELO HERINIAINA LANDRY;M;
1243;RANDRIANASOLO JEAN YVES ;M;
1244;RANDRIANASOLO ONJANIAINA ;M;
1245;RATAHIRY HERY MARC;M;
1246;RATSIMBAZAFY NJAKA F F;M;
1247;RAZAFIMANANTSOA GILBERT ANDRE;M;
1248;RAZAFINDRABE LOVATIANA;M;
1249;RAZAFINDRALALA TAFARA RODE;M;
1250;RAZAFISON HERY TAHINA O;M;
1251;SAMBO MAGNENOSOA;M;
1252;SOLOFONJANAHARY ANDRITIANA ;M;
1253;TOFENO FRANCEL ;M;
1254;TSABOTOKAY HONORICE C;M;
1255;TSIHOROGNE S. BRUNO;M;
2101;ANDRIAHARIMALALA SAFIDY NIRINA;F;
2102;FARAVAVY CLEMENCE ELLA THEODULE;F;
2103;RAHAINGOMALALA OLISOA NIVO;F;
2104;RAHARISON MARIE PAMELLA;F;
2105;RAHELIARISOA RANTONIAIANA NATACHA;F;
2106;RAVELOARINANJA TSANTA NIRINA;F;
2107;VONINALA A. HARIVOLOLONA;F;
2108;ANDRIANANTENAINA MIANDRY FANEVA ROBERTIN;M;
2109;ANDRIANANTENAINA RIVOLALA;M;
2110;ANDRIANTSEHENOARIVO JEAN SEBASTIEN ;M;
2111;ANDRISOAFANIRY TSILAVINA FRANCIS;M;
2112;FITAHIANTSOA ALBERT TATO;M;
2113;JUSTIN ZISTOARA;M;
2114;MAMITIANA MICHEL;M;
2115;MIJOROLAZA H.P.MARTIN;M;
2116;RABARIJOHN MIRANTO JUDICAEL;M;
2117;RABEMANANJARA ROLYS;M;
2118;RAFENONJANAHARY HERILAZA FERDINAND;M;
2119;RAKOTOARISOA DIEUDONNE;M;
2120;RAKOTOARISOA MAMINISEDRA JEAN LUC;M;
2121;RAKOTOBE SITRAKA MAHERY ZO VITTORIO;M;
2122;RAKOTOHARIMALALA TIANA MICHAEL ;M;
2123;RAKOTOMAHEFATIANA ROVASOA;M;
2124;RAKOTOMARO TAHINA NIRINA;M;
2125;RAKOTONANDRASANA FRANCOIS XAVIER ;M;
2126;RAKOTONDRAINIBE AMBOARA KANTONIRINA ;M;
2127;RAKOTONDRAMANANA FANOMEZAMANDIMBIMSOA.N;M;
2128;RAKOTONDRATSIMBA HAJANIAINA MIHAMINTSOA;M;
2129;RAKOTONDRAVAO HAJA BUNI;M;
2130;RAKOTONIAINA ANDRIATSILAVO ROLAND;M;
2131;RAKOTONIRINA JEAN BAPTISTE ;M;
2132;RAKOTONOELY HARISON ERIC;M;
2133;RALOHOTSY MAMINDRAIBE VICTOR SAMUEL;M;
2134;RAMAHANDRY BOAZA;M;
2135;RAMANANKEVITRA J.AMERAND;M;
2136;RANAIVOMANANA ROCCO;M;
2137;RANAMBINANDROSOA EMILSON SYLVAIN;M;
2138;RANDRIAMBOLOLONA MAMINIRINA EDWIN;M;
2139;RANDRIAMIARANA MAHAZOSOA RAVINIAINA;M;
2140;RANDRIATSIHOARANA SOLOFONIARINJORO JONATHAN;M;
2141;RASEDRATOVONIAINA GEORGES PARFAIT;M;
2142;RASOLOMANANA ANTHONY NELSON S.;M;
2143;RASOLONIAINA NJARATIANA BERCY ELYSE;M;
2144;RATSIMANOHANA MORA ANDRIANTSARAFARA;M;
2145;RAVELOARISON ANDO FANANTENANA ;M;
2146;RAZAFINDRATOVO BLAISE MICAEL;M;
2147;RAZAFITSIALISO RATELOLAHY ZAINY II;M;
2148;RAZAFITSIMIALONA TAHIRY HARINTSOA;M;
2149;ROVA HERIMALALA LIANTSOA;M;
2150;TINORY MANAVELOVAO;M;
2151;TOLOJANAHARY PARFAIT SON PIERRE;M;
2152;TSIMANEFITRA ;M;
2153;TSIMINDRAMANA FITAHIANA NEHEMIE;M;
2154;VITAMANANA CAMARDINE HEURACLIO;M;
2155;VITAZARA DJANFARDINE;M;
3101;FANILONOMENJANAHARY EDITH GABRIELLE;F;
3102;KEMBA CYNTHIA ;F;
3103;RAHASIMBOLOLONA SANDARINAH;F;
3104;RANDRIANKOTO DINASOA ANATOLIE;F;
3105;RASOANANTENAINA J.LINA;F;
3106;RAZANAMALALA FARASOA TIANA;F;
3107;TSIORINTSOA H. NARISEHENO;F;
3108;ANDRIAMAHENIMPARANIRIANDRAINY FETRANIAINA ONJAMPITIAVANA;M;
3109;ANDRIAMIHAJA HUGHES H;M;
3110;RAKOTOARISOA FANOMEZANTSOA MARC GILBERT;M;
3111;ANDRIANIRIKO G.PARFAIT;M;
3112;ANDRIANJAKANIAINA DANIELSON ;M;
3113;ANDRISOA SETH ;M;
3114;ANISCO TSIATOSY;M;
3115;BRICE LAURE BONERA ZAFINDRATODY;M;
3116;CRUEAUX JEAN ANTHONNY;M;
3117;HANDIMBY JOHN ELLIOT;M;
3118;HERITIANJANAHARY S.ARILALA;M;
3119;ISSOUF J.BEMANANJARA;M;
3120;JAOFETRA LUCKY SANDRO;M;
3121;JERIMANANA IRIS;M;
3122;JOSEPH NANTENAINA DAULIN;M;
3123;NIRILALA RABEARIVELO;M;
3124;NOVALIS GALVANI TSIMITORY;M;
3125;RAFANOMEZANTSOA CHRISTIAN;M;
3126;RAHERINANDRASANA NJARATINA SEBASTIEN;M;
3127;RAJOELIMAMY ONJA;M;
3128;RAKOTOARINIVO MANITRA FITIAVANA;M;
3129;RAKOTOARISOA HENINTSOA ERICA;M;
3130;RAKOTOARISOA SAROBIDY FIONONANA SANDA FITIA;M;
3131;RAKOTOARISON NAMBININA JEAN;M;
3132;RAKOTOMAMONJY AUGUSTIN THEODORE;M;
3133;RAKOTONARIVO RADONIAINA;M;
3134;RAKOTONDRAIBE HAJA HARITOKY ;M;
3135;RAKOTONOELSON NIRINA ROLLAND YVON;M;
3136;RAKOTONOMENJANAHARY AVOTRA RAMAROSON;M;
3137;RAKOTOSIANAKA MANDIMBISOA ALEXAES;M;
3138;RAMAHAFALOMANANA GENNOT C.;M;
3139;RAMAROSATA T.CLAUDIO;M;
3140;RAMIANDRISOA LYDHOT DUCLAY RUTHEX;M;
3141;RANAIVOARIVELO RATIARAY FABIEN;M;
3142;RANDRIAMAHAFALY NIARINISAINA GAUTIER;M;
3143;RANDRIANJAFINARIVO JEAN ROLLAND;M;
3144;RATSIMAHORINANDRASANA LIN BERNARD;M;
3145;RATSIMBAZAFY TEFY ANDRY NIRINA;M;
3146;RAZAFIMAHEFA SIDNEY ARMAND;M;
3147;RAZAFINDRABOBA BOSCO;M;
3148;RAZAFINDRANALA LICKY;M;
3149;RAZAFINDRANDRIA MARC MANANJOKY ANGELO ;M;
3150;RAZAFINDRIANERA MENDRIKA NY HAJA;M;
3151;RAZAKAMANANA HERIMAMPIONONA ;M;
3152;RAZAKARIVONY MBOLATIANA REMI;M;
3153;RAZANADIMBY WARLONE E;M;
3154;REDIE NOMENJANAHARY EDSON STENY;M;
3155;SITRAKA TOMBOSOA R E;M;
1301;NANTENAINA LOUISE ALPHONSINE;F
1302;NANTENAINTSOA HERI ESTELLA;F
1303;NOMENJANAHARY LOVATIANA LYDIA;F
1304;RAHARISOA L. MYRIAM;F
1305;RAVOLOLONANDRASANA NOMENJANAHARY EUGENIE;F
1306;TSARAVINTANA  MARTHE BRIGITTE;F
1307;ANDRIAMARO MANDA NY ARIVO;M
1308;ANDRIAMIALISOA NIAINA HARIZANDRY BELLARMIN;M
1309;ANDRIANANTENAINA SAMBATRA DERA JONHSON;M
1310;ANDRIANAVALONA ELI ROBERTO;M
1311;ANDRIANIANA ANTONIO;M
1312;ANDRIANTAHIANA ANDRIARIJAONA A.;M
1313;ANDRIANTSOA T.PATRICK;M
1314;ANDRINIRINA RAJONIAINA;M
1315;ANDRITIANA ZANAH;M
1316;FITAHIA WILLIAM EDOUARD.R;M
1317;HARIVONY EL ASSAD;M
1318;LANTONIAINA RAMASY ANTHONY G. B.;M
1319;MIANDRIZAKA JEAN EUDES;M
1320;NANTENAINA N.JEAN DE DIEU;M
1321;ONJANIAINA  CHRISTIAN CLAUDIO;M
1322;RABEARIMANANA ADORE;M
1323;RABEMARION J. GUY;M
1324;RABENIRINA HAROLDIN;M
1325;RABETAFIKA  FIDELE ;M
1326;RAFENOMANANA  JOHNNY;M
1327;RAKOTONDRAPARANY FANAMBINANTSOA HONORE;M
1328;RALAIVOAVY  FO ELIS HONORE;M
1329;RANAIVOJAONA LOVANIAINA;M
1330;RANDRIAMBOLOLONA S.T.MICKAEL;M
1331;RANDRIANAMBININA  JEAN RODRIG;M
1332;RANDRIANANDRASANA G.PATRICK;M
1333;RANDRIANANTENAINA  HERIMAMPIONONA;M
1334;RANDRIANARISOA  GARCIA PERNOT;M
1335;RANDRIANASOLO  ANDREACE AIMELIN;M
1336;RAOELISON  PATIENCE ANGELO;M
1337;RASOLOFONIRINA RAVOHERINIAINA;M
1338;RATAHINJANAHARY TAFITASOA RICHARD;M
1339;RATODISON YONO SAVIO;M
1340;RATSIMBAZAFIMAHEFA  LUCIEN THEOPHILE;M
1341;RATSIRINDRAINONY  MAMINIAINA ACHILLE;M
1342;RAVAOSON MIHARANTSOA M M;M
1343;RAZAFIMAHEFA  THEOPHILE;M
1344;RAZAFITOALAVA TODISOA FRANCIS;M
1345;RAZANATSOA L.DAUPHIN;M
1346;RENADSON FENONIAINA N.M.;M
1347;SHU ADELIN JACQUINO;M
1348;TIANKAVANA ANDRIAMIAROLAZA EDWIN;M
1349;TSARAMANANA  GHARBI ;M
1350;ZENEDINE F. ZIDANE;M
1401;ANDRIAMAMONJY  HARINOSY MIRAH;F
1402;FAMENONTSOA SUZETTE;F
1403;NATOLOJANAHARY SAROBIDY ANDONIAINA;F
1404;ONISOA LARINE BALISIA;F
1405;RANDRIAMAMPIONONA  SHINAY CARRINA;F
1406;RIVONJARASOA J.JOSELAH;F
1407;ANDRIANANDRASANA  S.RODRIGUEZ;M
1408;DAMASY BASILIO CHRISTOPHE;M
1409;HASINA  ANDRIARISON;M
1410;HERINJANAHARY VALIMBAVAKA MARCELLIN;M
1411;INSSA ALIMODINY;M
1412;LOIC  ZENERY;M
1413;MAMITIANA SYLVAIN CARLOS HOZER;M
1414;MANAMBINJARA  NORE;M
1415;MBOLATINIRINA TOHINJANAHARY EVELIN CEDRIC;M
1416;MICHAEL DINY ANTHOINE;M
1417;MITANTSOA VAMI;M
1418;RABEMANANTSOA  LANTO HERIMALALA;M
1419;RABENJARISOA  ROBERTO ULRICH;M
1420;RADIMIARISOA VAHATRINIAINA TRAVERSY CAPISTRAN;M
1421;RAFANIRIMANANA  RAJOSON ANAEL ;M
1422;RAKOTOMALALA HERINIAINA;M
1423;RAKOTOMALALA J.SERGE;M
1424;RAKOTONIRINA TOLOTRINIAVO SAROBIDY;M
1425;RAKOTONIRINA VONJY;M
1426;RALAIMAMONJY TOJOMAMPIONONA DINAH;M
1427;RANDRIAMALAZA BERNARDIN ;M
1428;RANDRIAMANGAIKARIVO CHRISOSTOME;M
1429;RANDRIANANTENAINA  TOKINIAINA SALOMON;M
1430;RANDRIANARIVONY SAFIDY MALALA;M
1431;RANDRIANARY RICHARD ROSTAND;M
1432;RANDRIANASOLO  N.FRANCKIO;M
1433;RANDRIANIRINA CLAUDIN LANDRY;M
1434;RATOJOMANJATO SEDRA PATRICE;M
1435;RAVELONARIVO E.SAMPER;M
1436;RAVELONTAHINA JUDICAEL SONIAH;M
1437;RAZAFIMAHAFOHA TSIFANAY GLADIS ELOI;M
1438;RAZAFIMAMONJY GABY MAHERY;M
1439;RAZAFINDRAMINOSY  MARTINO JOCELYN ;M
1440;RAZAFITSIMIANKINA NADJY KHEURONA;M
1441;SOLOFOHERY ZO JEAN PATRICK;M
1442;TETIN GICO;M
1443;TSABOTO MEDANAMILA FELIX;M
1444;TSIFERAMANJAKA FLEMOND LOIS P.;M
1445;TSIKIVISON VICTORIEN ;M
1446;TSILANIHASINA TAPHAREL;M
1447;TSIMALILO HOTAHINY TOBSON;M
1448;TSIREFINANTENAINA LUCA ;M
1449;TSIRIVANIRINA ROBERTO ANTOLY;M
1450;ZOENKASOA CHRISTIAN. Z;M
1501;ANDRIATOLOJANAHARY ANGE ROCCANIA;F
1502;MANJARY ANNA SUZIE;F
1503;MIRANTSOA ROLLET JOELLE O.;F
1504;RAZAFINDRAVOLA SIMONE CYRILLE A.;F
1505;RAZANADRASOA MARTINE;F
1506;RICARDO JERICA ANASTASSIA;F
1507;SAHOLINIRINA S.OLINAH;F
1508;ANDONIAINA  TOLOTRARIVO ARMEL;M
1509;ANDRIA MANERA JEAN BEMANA T.;M
1510;ANDRIAMAHERY SOLONIAINA FANOMEZANTSOA;M
1511;ANDRIAMANANA NY LAMINA;M
1512;ANDRIANIRINA  TAHINA MICHEL;M
1513;ANDRIANJAFY MORANIAINA;M
1514;ANDRIATSIMAROFY JEAN PHILIBERT;M
1515;BEANJAFY JEAN CLAUDIO;M
1516;BERNARD RAMAHEFANANDRIANINA  P;M
1517;HERINIAINA RAZANATO;M
1518;MIANDRISOA HERMINO C;M
1519;MIBOBO  RAFICK ;M
1520;MITAHISOA CHRISTIAN JULES;M
1521;RABEARIVELO  JOSEPH CAMILLE ;M
1522;RABEMAMPIONINA JULIEN ;M
1523;RABENANDRASANA  JEAN FIDSON;M
1524;RAFALIARIVO  NARISOA JEAN FANDRESENA;M
1525;RAFALIMANANTSOA HERIVONJY MAMITINA;M
1526;RAHASIPANARIVOMAHEFA TSIHIALONANA TOMMY;M
1527;RAKOTOARITSIMBA FINOANA R J;M
1528;RAKOTOMALALA NOMENJANAHARY ERIC.F;M
1529;RAKOTONIRINA DAVID ;M
1530;RAKOTONIRINA MAHEFA FENONTSOA;M
1531;RAKOTOVELOMANANA FENITRA R E;M
1532;RAMANAKAVANA CHRISTOPHE NESTOR;M
1533;RANDRIANANTENAINA  TOJONIRINA NIOCA;M
1534;RANDRIANANTENAINA CHRISTIAN;M
1535;RANDRIANARINOSY TSINJO H S;M
1536;RANDRIANIRINA JEAN MARTIN;M
1537;RANDRIANIRINA ZAFIMANANTSOA CHANDREAU;M
1538;RANDRIANIVOSON JOSE RIJANIAINA;M
1539;RANDRIATSIATOPY SARELINE JUTILDE;M
1540;RASOLONDRAIBE HERINIAINA J.F;M
1541;RASOLONJATOVO MPANJATO;M
1542;RAVELOARSON HANS ULRICH IDRICE;M
1543;RAZAFIMAHASOA THIERRY;M
1544;RAZAFINDRADARA PIERRE CLOCHE;M
1545;RAZAFINDRAKOTO HORACE  DIMITRI;M
1546;RIVIERE  DILIVIO ELIE ;M
1547;SOALAHY AYMARDIN AQUINODA;M
1548;SOLOMAMPIONONA MAMINANDRASANA;M
1549;ZANAJATOVO MERCI JONATHAN;M
1550;ZEFANIA TOKINDRAINY ELODIE PARFAIT;M
1601;FAINA DANIELLA MARIE LAURENCIA;F
1602;RAHARINIRINA  SANTATRINIAINA HERIVALISOA;F
1603;RAMANITRANJARA MENDRIKA F.;F
1604;RASOANANDRASANA SOARILINE;F
1605;RASOANIRINA MARCELLINE;F
1606;TSILAOHERIMANANA M.M.JO-HOSTINA;F
1607;ANAGNOSTOU PHILIPPE ATHENA;M
1608;ANDRIAMAHEFA TOKY ALAIN OLIVIER;M
1609;ANDRIAMIRINDRA ARNAUD MARTIN;M
1610;ANDRIANIRINA  MAMINIAINA D.J;M
1611;ANDRIANJAFY  VALAMISY HERJEE;M
1612;ANDRIANOELISON M. R. FITIAVANA;M
1613;ANDRIATOLOJANAHRY FANIRIANTSOA HERY VONJY;M
1614;ANDRINA HAJA SAROBIDY JOASY LAA;M
1615;ANDRINIAINA LANTOSOA JEAN FLORENT;M
1616;ANTIBA ROBERTO MAURIO;M
1617;FIDIRANTSOA ;M
1618;FREDERIC DANIEL;M
1619;JEAN  CHRYSOSTOME  ;M
1620;LAHATRINILANITRA TODISOA SETRANIAINA JOACHIN;M
1621;LAZA MARIO;M
1622;MAHAMBY BRICHARD M.;M
1623;MANDROSOLAZA TAFITA HERSON;M
1624;NANATRA PONNY ANDRIANTSOA;M
1625;NOMENJANAHARY T. HERMAN;M
1626;RAFANAMBINANA  THOMAS E ;M
1627;RAHERIJAONA NJAKA NANTENAINA;M
1628;RAKOMALALA HERINANTENAINA GILBERT;M
1629;RAKOTONDRALAMBO MICHELSON;M
1630;RAKOTONIRINA ERIC JULIO;M
1631;RALAISOANIRINA MAMINIAINA ANGELO;M
1632;RAMANDASON  HENINTSOA NAINA;M
1633;RAMANDIMBISOARAIBE JEAN ODILON;M
1634;RAMAROSAHANINA  TIANA HERIZO;M
1635;RANDRIAMAHASOA  HASIMANDIMBY LAFATRA GERMAIN;M
1636;RANDRIANANDRASANA  JEAN EMILIEN.D.D.;M
1637;RANDRIANANTENAINA  ERVIN;M
1638;RANDRIANIRINA BOSCO;M
1639;RANDRIANJAFINDRATSIRINIAINA PELAGI SABOTSY;M
1640;RANDRIATSIFERANA PASCAL F.;M
1641;RASAMOELINA FAUSTIN TOJONIAINA;M
1642;RAVELOJAONA LALA TIANA;M
1643;RAZAFIMANDIMBY  MITTERAN;M
1644;RAZAFINDRAKOTO BENOIT DERAY A.;M
1645;RAZANAKARIVO ISMAEL ASRAF;M
1646;SAHALA NOELAS SEME;M
1647;TOKY FANDRESENA MAEVASOA;M
1648;TONGASOA JEAN TIANDRAINY E.;M
1649;TSITOHERY  ANICET;M
1650;TSIVOANDOZA MAC LEONEL;M
1701;DOMOINARITIANA MARIAH ANDREAS;F
1702;MAHASETRIONJA K. PRINCIA C.;F
1703;MAHEFASOA  ELIA;F
1704;RANDRIANANTENAINA  SEGUSIA ELVINY;F
1705;RASOLONJATOVO HARIMANGASOA FITIAVANA;F
1706;RAVAKINIRINA  NARINDRATIANA PRISCA;F
1707;SITRAKINIAINA VATOSOA DANIELLE;F
1708;ANDRAIANARIVO TOKINIAINA MAROLAFY ROLLAND;M
1709;ANDRIAMAMONJISOA JEAN T.;M
1710;ANDRIANASOLONJATOVO FALIMANOVA;M
1711;ANDRIATAHIANA MICKAEL;M
1712;DIMBINDRAIBE HARISOALAZA CINTKEE;M
1713;FANOMEZANTSOA  MAMY NIRINA JEAN.E;M
1714;HERINIRINA  GASTON RANCK;M
1715;JEAN DE DIEU  FARASOA;M
1716;LANJANIAINA SANDRATRA  FRANCIS;M
1717;LOMBIHO ANTONIO JAONERA;M
1718;MAMPIONONTSOA CHRISTIAN CLARC;M
1719;MAMPIOVANIRINA ELIE JUSTIN;M
1720;MANANJARA HYANCINTHE F.;M
1721;MANDRAIMANA TANDRAMAMY BERNARD ;M
1722;NJAKA  OLIVIER SAMUEL ;M
1723;OTSIA ;M
1724;RABESANDRATANA LIVA HARIJAONA S.;M
1725;RABESAOTRA FANANTENANA;M
1726;RAFANOMEZANTSOA  HENRI ;M
1727;RAHAJATIANA JOSE M. ;M
1728;RAHARIMAMPIONINA TAFITA SOA SAROBIDY ;M
1729;RAHARINIRINA TOKY NANTENAINA;M
1730;RAKOTOARIZAFY MANDATSILAVO LOVATIANA;M
1731;RAKOTONANAHARY TAHIRY HERIMANITRA;M
1732;RAKOTONIAINA  FANOMEZANTSOA ODILON;M
1733;RAKOTONIAINA  MAMITINA  ;M
1734;RAKOTOZAFY PAUL VELAIN;M
1735;RAMAHAVELONA FRANCIS;M
1736;RAMANANJOHASY  JEAN YVES  ;M
1737;RAMAVITA NALISON  ;M
1738;RANAIVOSON  FLAVIEN;M
1739;RANDRIAMARINA OAJY MICHEL;M
1740;RANDRIANANTENAINA  M.DAVID;M
1741;RANDRIANIRINA LOVASOA STONI;M
1742;RANJALAHINIRINA H.C. FIDELIS;M
1743;RASOAMANANA BARIJAONA MAHERY;M
1744;RASOLONIAINA GUSTAVE MICHAEL;M
1745;RATOMBONIAINA  NOMENJANAHARY FITAHIANA MICHAEL;M
1746;RATSIAVAHANA A.STEPHAN;M
1747;TINAS FORTUNO BENJAMIN;M
1748;TOLOJANAHARY  LOVANIRINA ALBERT;M
1749;TRIRINIAINA NOMENJANAHARY JOSEPH ;M
1750;TSILANINJARA EUGENE;M
1801;BRUNELLA BABANY;F
1802;CICIA SYLVIA EMMANUEL;F
1803;JAORINE ERIRA;F
1804;MAMINIAINA FABINIE;F
1805;MANGARINDIA TANTIE SIMONE HERLINA;F
1806;MIALISON H. GABRIELLE;F
1807;RAMANDIAMANANA A TSIRINIAINA;F
1808;ANAGNOSTOU JULIOS;M
1809;ANDRIAMIHAJA  ALBERT TSIBIBY;M
1810;ANDRIAMIKAJY IARIMALALA INNOCENT;M
1811;ANDRIAMORASATA S.JEAN;M
1812;ANDRIATSILAVINA FABRICE;M
1813;AVOTRINIAINA  JEOSEPH AIME;M
1814;FANOMEZANTSOA  M.ALBERT ;M
1815;HAJANIRINA L.J.MICKAEL;M
1816;HERINTSOA  NESTOR;M
1817;MARDINE  ;M
1818;NOELISOA MAMY TIANA;M
1819;PAPUI M.CLAUDE;M
1820;RABENIFALIANA JEAN AIME ;M
1821;RAFIDISON  MAMINIAINA LANDRY;M
1822;RAHASIMBELO  VICTORIEN ;M
1823;RAKOTOARISOA  ANDRIAMIARINJATO NALLY;M
1824;RAKOTOARISON GINOT VICTOR;M
1825;RAKOTOMALALA JEAN EMILSON;M
1826;RAKOTONAJAINA THIANTSOA SAFIDY;M
1827;RAKOTONARIVO AVOMANJAKA JACOB;M
1828;RAKOTONDRAINIBE  JEAN LOUIS ;M
1829;RAKOTONDRAZAKA STELLA  MARIO;M
1830;RAKOTONJANAHARY  NANDRIANINA FETISOA;M
1831;RALAIARIVONY  JACQUES RUPHIN;M
1832;RALOHOTSY ALBERT;M
1833;RAMANANTSOA ANDRIANJANAHARINARIVO JEAN JULIO;M
1834;RAMANDIMBISON MARCEL PULCHIANO;M
1835;RAMILIARIMANANA MIORANIAINA;M
1836;RANAIVONIAINA NOMENTSOA I.;M
1837;RANDRIAMAMPIONONA  LAHATRINIAINA E. S.;M
1838;RANDRIAMANANTSOA N. A. ARISTIDE;M
1839;RANDRIANARISON NIANDRITIANA ROLLAND;M
1840;RANDRIANORO ZAFIMAHEFA.M;M
1841;RANDRIANTENAINA XAVER M.;M
1842;RANDRIATSILAVINA  T. CLAUDEO;M
1843;RAVELOSON RICARDO V.;M
1844;RAZAFIMANDIMBY  YVES BERNARDIN;M
1845;ROJOVOLA SAHOLY FANILONIAINA;M
1846;TAFITASOA  NARINDRANJANAHARY J F;M
1847;TAHINDRAZA MARIO ;M
1848;TINA  HARISAONA  EVARISTE GASTON;M
1849;TINA ZAFIMAHARO;M
1850;TINAHINDRAIBE FANIRIANTSOA FLERI PROSPERE;M
2201;SOATENDRITAHINA C. LETISCIA;F
2202;RABEMANANJARA MIANDRINIAINA N.;F
2203;RAVELOSON N. E. JOSEPHINE;F
2204;FELACK BERNARDINE MARIANIE.A;F
2205;SOAVITA DELICIA KEHANA;F
2206;HARITIANA NATACHA STANISLAS;F
2207;ABDOULALY  LADA FILS;M
2208;ANDRIAMAHARO GEORGES ELYSE;M
2209;ANDRIANARIVELO JUSTIN RICO;M
2210;ANDRIANJAFY RADONJANAHARY E.;M
2211;ANDRIATSINIVA NY MAHENINA HASINA;M
2212;ANDRINIRINA PHULGENCE;M
2213;FANDRESENA  A BARITIANA;M
2214;HASINA ANDRIAMANANTENA ANJARA TENDRY;M
2215;HERIVONJY  JEAN NANDRASANA MARIO ;M
2216;KOTO JOHNSON WILLY;M
2217;MAMINIAINA FACK P;M
2218;MANAHADRAY ROMARIC FLORA;M
2219;MAZZALIN WENCESLAS;M
2220;NAMBININKAJAINA FLEURI;M
2221;NIRAVOANJANAHARY  OLIVIER ;M
2222;NOMENIMAHERY PIERRE MANDELA;M
2223;RAFENOARIMANANA MAROLAHY MICKAEL;M
2224;RAHARISON  RICHARD JOE F.;M
2225;RAHERIJAONA PIERROT ;M
2226;RAIKA JAOSETA;M
2227;RAJAOFERA  ELDIN ;M
2228;RAJAONARIVONY PHILOGONE FELISTIN;M
2229;RAKOTOARISOA  JEAN KANTO NOMENJANAHARY;M
2230;RAKOTOARIVELO  RADONIAINA T.;M
2231;RAKOTONDRIANTSOA MAMY ERIZA;M
2232;RALISON  EDDY MICKAEL;M
2233;RAMANANTENA   JEAN PRISCO;M
2234;RAMIRANTSOA FALY NANTENAINA MAMY;M
2235;RANAIVOARISON TONY H F;M
2236;RANDRIAMAHAZO   RETOVONY OLIVIER;M
2237;RANDRIANAMBININA  TSIALONINA ERNEST;M
2238;RANDRIANARISOA MINOT RATOLOJANAHARY;M
2239;RANDRIANARIVO THIERRY;M
2240;RANDRIANIRINA SAMUEL;M
2241;RATSIMBAZAFY ALDOT F.;M
2242;RATSIMBAZAFY MAMINIAINA ROBIN;M
2243;RAVELOMANATOVA NDREMAROLAHY JUINO;M
2244;RAVOHOTSARA DIMAN EDDYNOS;M
2245;RAZAFINDRAIBE  PIERRE FLAVIEN;M
2246;RAZAFY  FLEURIS ROVAMAMPIONONA JEAN BAPTISTE;M
2247;RAZARASOA IFALIANA V. LOUIS;M
2248;REMAHAKATSY ARSON;M
2249;SOMBINIAIKO TSILIANY ODILON;M
2250;TSIEREGNA FENOLILY;M
2301;MANINDRAZANA ALIDA IRENA;F
2302;NADIA NADRASANA LUCIANAH;F
2303;RALINORO HASINA CELINE;F
2304;RANDRIANAMPIZATO SOALAZAINA ALIDA;F
2305;RASOANANTENAINA OLINIRINA M.;F
2306;RAZAFINIRINA NOELA S.;F
2307;SAY AGATHE JUSTIN;F
2308;ANDRIAMAHOLISON F.B.AIME ;M
2309;ANDRIAMBELOZAKAMANANA WILLYS V.;M
2310;ANDRIANOMENA ROBINSON SAFIDINIAINA;M
2311;ANDRIANTSOA JEAN M.;M
2312;AVINO JEAN LUC PHILIBERT;M
2313;BASTAN ROLAND;M
2314;CHRISTOPHE  HAMED;M
2315;FENONJANAHARY CLAVER FARANJOARY;M
2316;HASINIRAINY RIJA ARSENE;M
2317;JO TOVOLAHY ANGUESON HERMAN;M
2318;MENDRIKARILANTO MISAHA LUC;M
2319;NDREMODAHY VELONJARA D.;M
2320;PICOT GAETAN MATHIEU;M
2321;RABARISOA NJATONIAINA;M
2322;RABEARILALA  VONJINIRINA ARMAND J;M
2323;RAFALIMANANA TSIARINDRAINY DENIS J;M
2324;RAFANOMEZANTSOA  SANTINE;M
2325;RAHAJANDRAINY FETISOA DANIEL;M
2326;RAHARINDRATOVO FABRICE;M
2327;RAKOTOMENJANAHARY DASANTATRINIAINA TOJOMANANTSOA;M
2328;RAKOTOVELO TENDRISOA LALAINA N.;M
2329;RALAINANDRASANA  SIMON;M
2330;RAMAROSANDRATANA ELGAN JOSEPH FREDON;M
2331;RAMIANDRISOA TANTELY NIRINA F.;M
2332;RAMIONDRISOA RIVO M;M
2333;RANDIAMANATENA EDDY VIANNEY;M
2334;RANDRIAMANANTENASOA JEAN OLIVIER MAN;M
2335;RANDRIANANDRASANA MAMY VICTOR;M
2336;RANDRIANANTENAINA  JEAN MICHEL;M
2337;RANDRIANOMENA MPANAZAVA TSARASENTO;M
2338;RASOAVINJANAHARY  MAHERISOA SAFIDINANTENAINA RODIN;M
2339;RASOLOFONIAINA SAHAZA ANICET;M
2340;RASOLOMANDIMBINIAINA JEAN HUBERT;M
2341;RATOLOJANAHARY HERIZO JACQUIS B.;M
2342;RATOVOSON DANIEL RAUCHERBERG;M
2343;RATSIMBAZAFY LOUISON ANDRIANASOLO;M
2344;ROBERTHOT ZIZINAKA ARISTIDE;M
2345;SOLOFONOMENDAZA ALAIN MARIOT;M
2346;TADA LAURENZO;M
2347;TSILAVINA HERIZO VALENTINO;M
2348;TSIMEKY JAFFA ;M
2349;VONAHIMASIA  ROBIN THEO ;M
2350;ZARA  G.MANDINY RAY;M
2401;MAHAFINARITRA P.FELICIA;F
2402;MANANA  CYNTHIA  ;F
2403;MIANDRISOA RINAH EL'BRISA;F
2404;MIANTSO FANOMEZANARISOA LALAINA;F
2405;RAFALIMANANA SUZANNE ALDINE;F
2406;RASOANIRINA M.ODETTE;F
2407;TSIRESINIRINA AIMEE MARCELLINE;F
2408;ANDRIAMINDRISOA ROJO ;M
2409;ANDRIANARIVELO MATEZALAZA FABIEN.N;M
2410;ANJARASOA  HASSAN ABDALAIN;M
2411;FANAJANDRAINY VALIMBAVAKA ANICET;M
2412;FANDRESENA  R.EDDY;M
2413;FANOMEZANJANAHARY YVES ZOEL;M
2414;HARISETA ;M
2415;HUGUES ARIANJA DALLY;M
2416;LAIAVY MAXIMIN;M
2417;LANTONIRINA FANOMEZANTSOA C ;M
2418;LOFOARIMANGARIVO AMBOARAMIAINA;M
2419;MANAHIRA MODESTE LANTO;M
2420;MANANJARA JOSEPH;M
2421;NDRIANIRINA NANDRIANINA NY AINA;M
2422;RABENDRINA DODATIANA ARISTIDE;M
2423;RAKOTOMARO  MAHERINNTSOA ANDRIANTIANA ALPHONSE;M
2424;RAKOTONDRINA JUSTIN;M
2425;RAKOTONIRINA HENINTSOA PHILBERT ;M
2426;RAKOTONIRINA JOSE DIEU DONNE;M
2427;RAKOTONIRINA L. SAMOELA;M
2428;RAKOTOVAO JEAN DE DIEU.E;M
2429;RAMASINANDRIANINA HASINA ;M
2430;RANDRIAMAMONJISOA  NORBERT;M
2431;RANDRIANARISON RIJA FREDO;M
2432;RANDRIANJANAHARY VALISOA  FANAPERANA;M
2433;RANDRIANOMENJANAHARY NOMEN DAVIDSON STEVEN;M
2434;RAOELITINA TANJONA ZOE ALAIN;M
2435;RAOLISON ISA ADINANY;M
2436;RASOLOFO VOLANIAINA ANDRY TIANA;M
2437;RASOLOFONIAINA  TAHINISOA ALEXIS;M
2438;RAVONINJATOVO  HARENA SAROBIDY;M
2439;RAVONINJATOVO  KASAINA ANJARA S.;M
2440;RAZAFIARISOA CHRISTIAN;M
2441;RAZAFIJIOSY ABEL JEAN MICHEL;M
2442;RAZAFIMAHATRADRAIBE JUDICAEL V.;M
2443;RAZAFIMANANTSOA MAMITIANA HERY K.;M
2444;RAZANAJATOVO HERY;M
2445;SIMON RICO ;M
2446;TAFITA  NANDRASANA E.;M
2447;TAFITASOA JEAN HERVE;M
2448;TAHIRY RANDRIAMARO;M
2449;TATSIHERISON WILLY JERRY PADOUT;M
2450;TOVOHASINA TATELINIAINA C;M
2501;ANJARAMAMIRATRA A. WELL R.;F
2502;FEDANIAINA CLARA HELENE;F
2503;RAHANTRANARIVO HARILALAINA BIJOUX ROSELINE I.;F
2504;RASOANIRINA MARIE FRANCIA;F
2505;RAVAONANDRASANA ANGELA CATHERINE;F
2506;VAVISAINA JENITANIA  GLADIS;F
2507;ANDRIAFENOMANANA FABRICE;M
2508;ANDRIANANJA  PAULIN CHRISTIAN;M
2509;ANDRIANATENAINA  RANTO MAMY;M
2510;ARITSY FENOMILA;M
2511;BOTO JEAN LUCO;M
2512;ETIENNE   ;M
2513;FANILOARINONY DHEART;M
2514;FANOMEZANTSOA  IAVIZARA R.;M
2515;HARISON  BRUEL SAMMYMA;M
2516;KOSY MAYEL  FREDDY;M
2517;LAHIKOANIRINA NIAVIANJAFY JOACHIN ADELPHE;M
2518;MANJATO ENIO;M
2519;MIHANTA HARIVOLOLONA HOBITIANA ANGELA;M
2520;RAFALINIAINANIONY NATOKY ADOLPHE;M
2521;RAHERINAIVO SETRA NOTAHIANA;M
2522;RAJAONARISON HENINTSOA HERILALAINA;M
2523;RAJAONARISON TOLOTRINIAVO;M
2524;RAJAONARIVELO  JEANSON PAULINAUX;M
2525;RAKOTOARISON J.DOMINIQUE;M
2526;RAKOTOMAMONJY ERIC ;M
2527;RAKOTONAIVO  MICKAEL ;M
2528;RAKOTONIRINA NANTENAINA PASCAL;M
2529;RAKOTONISAINANA STEPHAN J. DE S.C.;M
2530;RAKOTOSON JULIO CASTRO M;M
2531;RALAHITSIOTA SAMUELSON ARLY;M
2532;RAMAROZAKATIANA TOKY H.;M
2533;RAMIANDRISOA SIMON D. ;M
2534;RAMIANDRISON NJAKA FANOMEZANTSOA;M
2535;RANARISON ANDRINIAINA GAETAN;M
2536;RANDRIAMALALA MICHAEL TSILAVINA;M
2537;RANDRIAMANDIMBISON NJAKARISA;M
2538;RANDRIANAMBININA JEAN PAUL;M
2539;RANDRIANAMBININA MAMPISENTO FAUSTIN;M
2540;RANDRIANANTOANINA ARSENE FAUSTIN ;M
2541;RANDRIANARISON TOKY ARIEL;M
2542;RASON TIAVINA FAHENDRENA GABRIEL;M
2543;RATOVONJANAHARY  MIORASOA MAHOLIMAHATOKY B. ;M
2544;RAZAFIMAHERY BIENVENU ANTOINE BELL C.;M
2545;RAZAFINIAINA  FABIEN ;M
2546;RAZAFITSIALEFITRA RIJA LEON;M
2547;SOLOFONIRINA WILLIAM OMOLO;M
2548;TAHINJANAHARY MALALANIRINA R.;M
2549;TIAVINANTENAINA RADO MIHARIZO;M
2550;TSITANDRA  EUGENE;M
2601;HARISOA CHRISTIANE;F
2602;MALAZA  PRISHILLA FLOROSAT;F
2603;MANANJARA IRENE;F
2604;MANANORO LARYS CELINE;F
2605;MIRAISOA HELICIENNE ANASTASIE;F
2606;RANDRIAMAMPIONONA MASITOKY FLORENCIA";F
2607;RAVAOARISOA MAMITIANA;F
2608;ALLAOUI MAHAMED  ;M
2609;ANDRIAMBOLOLONA FETRA GIDEONA;M
2610;ANDRIANATOAVINA  O.MERCI;M
2611;ANDRIANJAFIANDRAVAHA CHILLY PRUDHOMME DE L'OR YAN KELLY;M
2612;ANDRIANOMENJANAHARY EMILIEN.A;M
2613;AVISOA  ETIRINDRAZA AURELIEN BOGOS;M
2614;BERLIER  ULRICH SCNEIDER;M
2615;FANEVAAROMANDA DIMBINIAINA CEDRIC OCEANO;M
2616;HASINJANAHARY PATRICK MICHEL;M
2617;HOLITAHINIAVO JOHARY ANDRISOA;M
2618;MAHAVOTRINIRINA DIEU DONNE;M
2619;NDRIARIVO V. M.URBAIN;M
2620;RAFALIMANANA JEAN WILSON;M
2621;RAFANOMEZANTSOA F.FIDELE;M
2622;RAHAJARISOA V.LOVANIAINA;M
2623;RAINIZAFINDRAMIERA ELDIN RIVALDHINO;M
2624;RAKOTOARIVELO  SOLOMAMINIAINA STEPHANE;M
2625;RAKOTONIRINA MAMY ARLICE BRILLANT;M
2626;RAKOTOZANDRY NANTENAINIARIMOMA;M
2627;RAMAMONJY. A L. ISMAEL;M
2628;RAMBELOSON N. RUPHIN;M
2629;RAMILY  HERILALA JERRY FARATINA;M
2630;RANAIVOELINA  FALIHERIMALALA;M
2631;RANAIVOSON  RAHERIMANJAKA RAOUL ABEL;M
2632;RANDRIAMIANDRISOA  MAHORITRA ANTONIO.D;M
2633;RANDRIAMITSIRY HARENTSOA FREGINO;M
2634;RANDRIANANADRASANA  FRANCOIS;M
2635;RANDRIANIRINA HARIVOLOLONA TSIFERANA;M
2636;RANJATOHARIVELO A.A. JONSON;M
2637;RASOLOFO NIRINA CHRISTIAN;M
2638;RASOLOFOMANDIMBY NAINA HERJY;M
2639;RASOLONANDRASANA  ROBERTHIN;M
2640;RASOLONIAINA JOSE MICKAEL ;M
2641;RATEFIARISON MANITRA NOMENJANAHARY;M
2642;RAVELOJAONA TANTELINIAINA;M
2643;RAZAFIMAMONJY MANITRARIVO ERIC;M
2644;RAZAFIMANARINA FERNAND ;M
2645;RAZAFINDRABE  NAMBININTSOA JEAN LUCAH;M
2646;TIRELY MANDIMBISON;M
2647;TSIHINDINY TEFINIAINA ERIC MBOLATIANA;M
2648;TSIMIANKINDAHY JEAN LOCISTE;M
2649;VAHANIAINA TIANJANAHARY M.I.;M
2650;VELONJARA LUCAS.A;M
2701;MAROVAVY JEANNE NORBETINE;F
2702;RAFIDINARIVO RANTONIAINA KEZIA;F
2703;RAHERIMAMPIONONA LALANDE P;F
2704;RALAIFARASOA FANIRY PATTY;F
2705;TEFINIAVO DERA BENJAMIN;F
2706;TSIRINIAINA  ESPERENCE ;F
2707;ANDRIAMAHEFA GEBIN RODRIGUE;M
2708;ANDRIAMAHEFA HASINA PATRICK;M
2709;ANDRIAMAMPIANDRA MAMINIAINA DESIRE;M
2710;ANDRIANANTENAINA PATRICK V.;M
2711;ANDRIATSIDIKA EMILIO J B;M
2712;ANDRIATSOA NIRINA L C;M
2713;CLAIRISE ;M
2714;FANJAVANIAINA ARMEL.E;M
2715;FARALAHY  ;M
2716;FENITRINIONY ANDRIANARISOA ERIC;M
2717;HASINANOMENJANAHARY WATCH GREGORY;M
2718;MAHAVANY  BEZAKA VELOMANORO;M
2719;MANAGNONATSE ROBERTO;M
2720;PRISCO ;M
2721;RABENARIVELO NDRANTO NARINDRA HENINTSOA;M
2722;RABESATA ANDRIAMIHAJA;M
2723;RAHERINOMENJANAHARY GEORGINOT ARMELIN;M
2724;RAJAONARIVONY TSILAVINA FREDERICKO;M
2725;RAKOTOARIMANANA ANDO NOMENA MANOELA;M
2726;RAKOTONAVALONA MAC JUDE ;M
2727;RAKOTONIRINA FENOHERY  ;M
2728;RALAINANDRASANA  BRANGELOT;M
2729;RAMIANDRISOA IARILALANIRINA ANJARAKO;M
2730;RANDRIAMANAMPISOA RAVAKINIAINA FELIX;M
2731;RANDRIAMIHAJA  JACQUES MICHEL;M
2732;RANDRIANANTENAINA  MAMPITSANGA HILAIRE;M
2733;RANDRIANANTENAINA  MENDRIKINIAINA R.;M
2734;RANDRIANARISON FANOMEZANTSOA M.;M
2735;RANDRIANJAFIMANANA H.TOKY;M
2736;RANDRIATOJOSOA D.D RAPHAEL;M
2737;RASAOTRA ARISOA M.J.;M
2738;RATOVOARIVONY TAMBINEKENA TSIAHIANA;M
2739;RAVOHARISOA SANDA;M
2740;RAZAFIMAMONJY MAHAFALY;M
2741;RAZAIARIMANANA ANTONIO L.;M
2742;RASOLONJATOVO LOVASOA X;M
2743;RELANJAHY NOASAOTSY I J;M
2744;SIDILAH MICHEL ROLLAND;M
2745;TIANDRENY ELODIE H.G.;M
2746;TOLOTRA NOMENJANAHARY F.N.;M
2747;TOVONANTENAINA THEOGENE;M
2748;TSILEFESA TODISOA TSILAVINA ESPERE;M
2749;TSIMIRA ;M
2750;ZARANAINA JOCELYN;M
2801;BAKOLY N. VICTORINE;F
2802;MIARISOA  CHRISTELLE HERIMALALA;F
2803;NOMENDRAGNAHARY LYDIA;F
2804;RAFANOMEZANTSOA  A.JACQUELAS;F
2805;RASOANANDRASANA SANDRINE NESTORINE;F
2806;RAVELONARIVONIAINA MIRANA ANSELME;F
2807;RAZAFIMAMONJY FLAVIANA MARIE F.D.;F
2808;ALBIN JEAN FABRICE;M
2809;ANDRIAMAMPIANDRA MAMINIAINA J. V ;M
2810;ANDRIAMANANDRAY KELLY;M
2811;ANDRIAMIHAJA FINARITRA   FANDRESENA;M
2812;ANDRIANAIVO MANDAMAMISOA;M
2813;ANDRIANTSARA JULIOS;M
2814;ANDRIARILAZA TOLOJANAHARY  FANIRISOA;M
2815;ANDRIATAINA HERVAIS JEAN DULIQUE;M
2816;ANDRINIAINA  G.ALBERT;M
2817;ANJARASOA  TANTELIARINDIMBY TADIDY JULIEN PATRICK;M
2818;CARMEL M. HARLEY;M
2819;FENOHASINA  ANDRY MICHEL;M
2820;HAJARISOA JEREMY;M
2821;HARIMAMY V.F.ANTONIO;M
2822;HARISOA  JAMES JACKLYNO;M
2823;HASINA  BIRA EUGIDIO MARC;M
2824;HERINIAINA JEAN  FLORENT;M
2825;INDRIANJAFY NIRINA JEAN MARC;M
2826;KALEKO ARSON ADRIEN;M
2827;LALAONIRINA ESTELLE ROLANDE;M
2828;MAMINAINA HERINTSOA JEAN DANI;M
2829;MAMPISOA TSIRESY JEAN RUPHIN;M
2830;MORAMANA R.D.MARLIN;M
2831;NIRILANTOSOA TANJONA ;M
2832;RABARIVELO LOVASOA SOLOMON;M
2833;RANDRIAFENO HERINJAKA TIANA E;M
2834;RANDRIAMAHASAMBOZAFY  ANDRIAMAMONJY ISIDORE;M
2835;RANDRIANAIVO  FENO NOELY FITAHIANA;M
2836;RANDRIANARIMANANA M.JULIEN;M
2837;RANJOHANINARIVO ROLJHON NICO;M
2838;RASOLOHANITRINIAINA MAMSON DE LA VIE;M
2839;RAZAFIMAHATRADRAIBE JEAN FLORENT;M
2840;RAZAFINDRAIBE  DAVID ERNEST;M
2841;RAZAFINDRAKOTOSON OKACHA S.;M
2842;RAZAFINDRAVELO  RYAZ MAMILASSE;M
2843;RAZAFINTSOA ONJANIRINA  FLAVIEN;M
2844;REMANEVE ;M
2845;ROBERTO FLORENT ;M
2846;TAFITALIMPIAINANA TENDRINIRIKO V.;M
2847;TAFITANIAINA MICHAEL SIMON;M
2848;TEMAHITA ERIC BOBA;M
2849;TOVONAY HENRIE SALOMON;M
2850;ZAFIMANDIMBY MAMINIAINA PAUL;M
3201;AINA  MALALA ANITA;F
3202;ANDRIAZAFIMAHAZO CROUSITA;F
3203;FANIRISOA  ARINJAKA ;F
3204;MIJAHARISOA MELODIE;F
3205;RABEMANANJARA LOVASOA FLAVIENNE;F
3206;RAKOTONIRINA SENTONARINDRA LEONIE;F
3207;RAZAFIMAHAFALY  ZARASOA GLORIA;F
3208;ALEXIS DOMINIQUE  ;M
3209;ANDRIAMAZAORO NIEL FREDDY;M
3210;ANDRIANALISOA MIZARA FIFALIANA RASLOVE;M
3211;ANDRIANANDRASANA  JEAN CHARLES TRANQUILIN;M
3212;ANDRIANJAKA TOLOTRINIAINA;M
3213;ANDRINIRINA ARLIN;M
3214;BESOLOSON  ELICO;M
3215;FAMOLOMANDRENIBENY ;M
3216;FIACRE MAHASENDRA D.;M
3217;MAEVAHARISSON ANDONIAINA JESSY ALPHA M.;M
3218;MANOSOKARIVO RELEFO;M
3219;MAROZOKY LIVA ;M
3220;OLIVIER  GYNOLLA STEVIE A.;M
3221;RABEMANANTSOA  HARITIANA ROLLAND;M
3222;RABEMANANTSOA  LOVATIANA ANGELO FABIEN.J;M
3223;RABENANDRASANA  DIEU DONNE WILLIAM;M
3224;RABENANDRASANA  JEAN ORHEL;M
3225;RABENARY JEAN FIDEL ;M
3226;RAFANOMEZANTSOA  LAHIAVY  N. JEAN HONDIRON;M
3227;RAFIDSON TOKINIAINA JULIO R.;M
3228;RAHERY NANTENAINA STALY;M
3229;RAKOTOMAHEFA TAHIRINIAINA ETIENNE;M
3230;RAKOTONDRAFARA NOMENAFITAHIANA JOSEPH;M
3231;RAKOTONDRAMANANA MAMISOA TANTELY;M
3232;RALANTOARITIANA LOVA MANDIMBISON;M
3233;RAMASINDRAZANA  BONNET;M
3234;RANDRIAMAHOLISON STITRAKINIAINA N;M
3235;RANDRIAMANAINA HARINJARA LUCAS;M
3236;RANDRIANAMBININA JACQUES ULYSSE;M
3237;RANDRIANAMBININA ODILON  ;M
3238;RANDRIANANMBININA BEANJARA B;M
3239;RANDRIANANTENAINA  ANDREAS B.A;M
3240;RANDRIANANTENAINA  PHILIPPE CHRISTIAN;M
3241;RANDRIANJANAHARY RAJAONINA KEVAIN;M
3242;RASOLONIRINA JOEL SALOMON;M
3243;RAVELOSOA JEAN RUSSEL;M
3244;RAZAFIARISON LOVANOIAINA FLORENT;M
3245;ROMARIC REBASY;M
3246;SELAMANANA STIDIEN;M
3247;SOLODANAY ROMEO;M
3248;TAHINTSOA TANTELY.N;M
3249;TIANDRAZA AUGUSTIN ;M
3250;TOTOHELY RAZAFIMAHATSARA JUVENAL;M
3301;FIARETANA JOSEPHINE;F
3302;LANTONIAINA MARIE NADIA;F
3303;LOVASOA NOMENJANAHARY CANDY M.E.;F
3304;RANDRIAMIHAJA  NIRISOA PIERRETTE MICHELA M. T.;F
3305;RASOAMIARANA DANOMBAVY JUDILAS;F
3306;RAVOLOLONIRINA AMBININJANAHARY S.;F
3307;TALILISOA ADELAIDE ELIENNE;F
3308;ABBAS BYN LEONARD;M
3309;ANDRIAMALALATIANA YVES LANDOH;M
3310;ANDRIAMAROVAO HARIMANANA ROMARLYS;M
3311;ANDRIAMASINONY ZAFY MAHATRATRA JOSEPH;M
3312;ANDRIAMIHAJA JUSTIN;M
3313;ANDRIAMIHARY CHARLES ROBERTO;M
3314;ANDRIANARISOA FANANTENANA RONALDINO;M
3315;HERINIAINA JULIOS SALVADOR;M
3316;MONJA  MIARENASOA;M
3317;NASOAVINIAVO ;M
3318;RAHARINIRIANA HERITIANA N FRIDA;M
3319;RAHERIMANJATO NASANDRATRINIANA FENOSOA GAETAN;M
3320;RAJAOHARISON MOREL FERDINAND;M
3321;RAKOTOARIMANANA TOJO EDMOND;M
3322;RAKOTOMALALA  SOLONIAINA  JEAN PATRICK;M
3323;RAKOTOMANGA  NY HERY FITAHIANA.D;M
3324;RAKOTONDRAMARA GILBERT ;M
3325;RAKOTONIRINA FANAMBINANTSOA DJIMI PASCALIN;M
3326;RAKOTONIRNA ALLAN HEROS;M
3327;RAKOTOVOAVY J.LOVATIANA;M
3328;RALALATIANA  LUCAS S.;M
3329;RALANDIMANANA R.TOAVINA;M
3330;RAMANOSONA  GILBERT ;M
3331;RAMAPIARINA  GLADIS WELLY;M
3332;RAMBELOSON RIGOBERT N.;M
3333;RAMEHEFASOA MANDA HASINIONY;M
3334;RANAIVOALISON MIARIFENO ;M
3335;RANDRIAMAHALEO INDREAS J.F.;M
3336;RANDRIANARIMALALA FY TIA NAJAINA.E;M
3337;RANDRIANASINAMBININA LOUIS ROMIALD ;M
3338;RANDRIANASOLO  RONALDO R.;M
3339;RANDRIANATENAINA  TODISOA J ROBERTHO;M
3340;RATOJONIRIANA FANANTENANANA BRUNO;M
3341;RAZAFIMAGNAHA SERAPHIN ODON;M
3342;RAZAFIMAHATRATRA HAJDJID ADONIS;M
3343;RAZAFIMANDIMBY  MBOLANIRINA MARCO;M
3344;RAZAFIMANDIMBY  TSILAVINA MANDIMBISON;M
3345;RAZAFIMANDIMBY  VICTOR DALLY CELESTIN;M
3346;RAZAFIMBOTO ZAY ANGATAHY GILBERT;M
3347;ROLLANDSON STEPHANE;M
3348;TOLOJANAHARY SAFIDINIAINA EMMANUEL;M
3349;TSIRIMALALA ANDRITIANA J.;M
3350;ZAINAMBININA ODILON  ;M
3401;ANDRIANTSOAVINA NOMENA FITIAVANA;F
3402;FANJARA NARINDRA YANNICK;F
3403;FANOMEZANTSOA  URENE;F
3404;MAMINIAINA VATOSOA BRUALDA;F
3405;RASOARIMANGA MARIE HELENE ;F
3406;RAZAFIMAHATRATRA MALALANIRINA FITAHIANA;F
3407;RAZAKATIANA IAVOTRA NANTENAINA;F
3408;ABOU  ISMAEL EDSON;M
3409;ANDRIAMIHARILALA TAHIRY F.;M
3410;ANDRIANANDRAINA  HAJATIANA CAMILLE;M
3411;ANDRIANARIMANANA CLAUDE PATRICK;M
3412;ANDRIANTSOA YVES CONSTATIN;M
3413;ANDRIATAHINA HASINA TSILAVINA;M
3414;FALINIRINA NOMENJANAHARY JEAN RICO;M
3415;FANDRESENA  MAMY ANDRIANINA;M
3416;JEAN DE DIEU  FANOMEZANTSOA MICHEL O.;M
3417;LAHINIRIKO CARLOS A.;M
3418;MAHAFALY  MARIUS ARNAUD;M
3419;MBOHITA ;M
3420;MONJASON FANOMENJANAHARY JOCELIN;M
3421;RABENIRINA  ALAIN BIENVENU;M
3422;RADO HAJAMAMPIANDRA ROLLAND EF.;M
3423;RAHERIMAMPIONONA TOLOTRA NIRINA ;M
3424;RAKOTOMALALA  FANIRY JUNOT;M
3425;RAKOTOMALALA GILBERTO;M
3426;RAKOTONANAHARY F. NY VOARY;M
3427;RAKOTONDRASOA  RADO NANTENAINA ESTEL;M
3428;RAKOTONIRINA  JEAN BIENVENUE;M
3429;RALAITSIZAFY MARTIN ;M
3430;RALAIZAFY FREDERIC OLDER.R;M
3431;RAMAROLAHY  TOKINIAINA AUGUSTIN;M
3432;RAMBELOMANANA TINOT;M
3433;RANDRIAMAHEFA  ALIMANANTSOA RAPHAEL;M
3434;RANDRIANATOANDRO BRUNO;M
3435;RANDRIANOTAHIANA FANOMEZANTSOA;M
3436;RASAFINDRAINY NOMENJANAHARY;M
3437;RAZAFIMBOAHANGY PIERROT CLERMONT;M
3438;RAZAFINDRATSIRA TSIORNIRINA DOMINIQUE PHILEMON;M
3439;RAZAFITSIALA FERIZO;M
3440;RAZANAKOTO FABRIO ALPHONSE;M
3441;RIJANANTENAINA JEAN CLAUDE  ;M
3442;ROBERTINO MANOROVELO;M
3443;SADAM JEAN HAMED LOUIS RODIN;M
3444;SAFIDINIAINA ELITHON WHUILLICE;M
3445;TODIZARA YVON ELINOT TSIVINIRANA;M
3446;TOKINIAINA JOSE MICHEL;M
3447;TOMBOLAZA  STEPHANO;M
3448;TSARAZARA B.L.DALHIAS;M
3449;VALINCA RANAIVOSOA;M
3450;VITASOA ELLI BERTHO;M
3501;HERINANTENAINA ONJA OMEGA;F
3502;HOVASOA ;F
3503;RABEARISOA  JEANNE  PASCALINE;F
3504;RAHASIMBOLOLONA BRENDASANTI;F
3505;RAMAHATONGA JULIE LEONTINE;F
3506;RAZAFINIMARO HARIVOLA MARIETTE;F
3507;ROZILINA POETTE;F
3508;ANARINIAINA N. HARINANTENAINA;M
3509;ANDRIAMAHERISOA MIORA JEAN CHRYS;M
3510;ANDRIAMBINIMANANA BENJANIRINA  ;M
3511;ANDRIAMBOLATIANA  JEAN ROLLAND;M
3512;ANDRIAMPARANY HERY FITAHIANA;M
3513;ANDRIANARIJAONA  ANDRY NIRINA ;M
3514;FAHAMARO FLEURY ARMANDO;M
3515;HAJASOANIRINA JOSE  H;M
3516;HERIHARISON ANDRY NIRINA ;M
3517;HIANDRINIAINA LIVIO;M
3518;MAKA  ;M
3519;MANDIMBISOA RICHARD;M
3520;NAMBININTSOA JEAN LUCIANOT ;M
3521;NY AVANA RABENATOANINA;M
3522;RABEZANAHARY RABENOSY MAMY;M
3523;RAFANATERANA AFANY DILMOND;M
3524;RAFIMANAMPY HERINILAINA RIJASOA;M
3525;RAHARINANTENAINA VALISOA DAMI M.;M
3526;RAJAONARIVONY JEAN REMI;M
3527;RAKOTOMALALA LANTOSOA N.;M
3528;RAKOTOMANANA VOLA DINA ANDREAS;M
3529;RAKOTONDRAFARA  ;M
3530;RAKOTONIRINA JACQUOT.N;M
3531;RAMBOLASOA NANTENAINA NALISON FREDERIC;M
3532;RAMIANDRISOA BRUNO;M
3533;RAMINONIRINA MANAMPISOA ERICA;M
3534;RAMPANJATO VOLOHERY JOHN;M
3535;RANAIVOSON HASINA NARINDRA;M
3536;RANDRIAMAHANDRINOMENJANAHARY T.GERARD;M
3537;RANDRIAMANANTENA  TOKY SIMON;M
3538;RANDRIAMANANTENA J.HERMAN;M
3539;RANDRIAMIRASAMANANA FRANCOPIS THIOLAND;M
3540;RANDRIANANTSOAVINA JOSE  ;M
3541;RANOAVIMANANA L.JACQUINOS;M
3542;RASOLOHERINIAINA NOMENJANAHARY D.;M
3543;SOLONIAINA NAIVOSON DANIEL;M
3544;TIANDRAIKO EVARISTE ;M
3545;TINA VONINAHITRA M;M
3546;TOJONIRINA  A.N.HERINAMBININA;M
3547;TOLOJANAHARY  TIAVINA JOACHIN;M
3548;TSARAMIHARY BRAVO  ;M
3549;TSARASOA  JEAN ELIA;M
3550;VALISOA CHRISTIAN;M
3601;KAMAMY ADELA NAHASOA;F
3602;RABESAHARISON  ONISOA VOLOLONIAINA ;F
3603;RAHARIMALALA F.OLIVIER;F
3604;RAZAFINDRAKOTO FARASOANIRINA V;F
3605;RAZANADRAFARA ROSELINE;F
3606;TODISOA  NAMPIANJANAHARY;F
3607;ANDRIAFANOMEZANTSOA MBOLANIRINA A;M
3608;ANDRIAMAHAY AVISOA  NJIVA FANIRY;M
3609;ANDRIAMAHAZO  NOMENA SAROBIDY DANIEL;M
3610;ANDRIAMPARANY BALIOT;M
3611;ANDRIANANTENAINA DAVID ;M
3612;ANDRINAINA  ASTINO;M
3613;DAMY M.JEAN CRI;M
3614;ETHIENNE THEODORE;M
3615;FAMENONTSOA TOKINIAINA.R;M
3616;FANANTENANA  TOKY FIFALIANA;M
3617;ISANDRATRY TSILERISON CHARLY;M
3618;JAO TAFARA OMAR;M
3619;NAHARINDRAHOVA BLAISE WILLIAM LYDIANO;M
3620;NOMENJANAHARY ELINO G;M
3621;RABESAOTRA RAJOTIANA MICKAEL;M
3622;RAFALISOANAMBELO S.GEORGE;M
3623;RAHAJAMANANA ALDORIEN EUGENE;M
3624;RAHERIVELO TOVONIAINA FANANTENANA;M
3625;RAKOTOARISOA  ALAIN;M
3626;RAKOTOARISON  TOAVINA VALISOA;M
3627;RAKOTOARIVELO  NDRIATSIFERANA;M
3628;RAKOTOARIVELO  T.TSARASOLO;M
3629;RAKOTOMALALA JIMIORO SYLVAIN;M
3630;RAKOTONIAINA  J. MARINOT;M
3631;RAKOTOZAFY MIJORO JEAN.B;M
3632;RAMAHANDRISOA ELIDOT;M
3633;RAMANANJARA FERNANDO A.;M
3634;RAMANGASANDRATANA NAJORO MAMINIRINA;M
3635;RANDRIAMIRADO JEAN NILAINA;M
3636;RANDRIANARISOA  ANJARA I;M
3637;RANDRIANONIHARIMANGA VOARINANTENAINA ROJO IDA;M
3638;RANDRIATAFIKA ANTONIO;M
3639;RANDRIATAFITA JACQUES HERNANDEZ;M
3640;RAZAFIMAHATRATRA TOVONANTENAINA;M
3641;REVAIGNA TOKIARIVOLA GINOT ESPERANT;M
3642;RIJANIAINA AUGUSTIN ;M
3643;SADROUDINE  KEVIN ;M
3644;SOLOFONIRINA NIRINDRAIBE J D D;M
3645;TAFITANOMENJANAHARY JEAN PASCAL;M
3646;TODIMASINIAINA LOMARIO JOSIANIS;M
3647;TOJONDRAIBE JEAN D C;M
3648;VOGNEMANA ;M
3649;VORY VALEUR TODISOA ;M
3650;ZAFIMBOLA  FIADANA FRANCISCO;M
3701;JORORAMAMPIANDRANAMBININA VAHATRINIAINA A D;F
3702;RAKOTONDRAZAKA MINOAVOZARA ROVASOA;F
3703;RASOANANDRASANA ELIANE;F
3704;RASOANIRINA MARIE JEANNE;F
3705;RAZANAPARANY BEATRICE JUSTIN;F
3706;TSANGANDRAZANA VALISTINE;F
3707;ANDRIAMIFIDY FANDRESENA JACQUELY;M
3708;ANDRIAMIHANINA  YVES ETIENNE SOLEIL ;M
3709;ANDRIANAMBININKERY ZAKA DIEU DONNE;M
3710;ANDRINIAINA  LANTIEL K.;M
3711;ANDRISOA NJAKATIANA;M
3712;BOTOMEJY RABENDRAFO;M
3713;FENOHERY FANDRESENA HUBERTOS;M
3714;JEAN PAUL FERDINAND;M
3715;JOSLIN ;M
3716;JULIO RACHID;M
3717;KOSITRAE AMED;M
3718;LAHINIRIKO JOELSON FREDERIC;M
3719;MAGNINA  RAZAFINDRAMAKA ;M
3720;MAHAGNONIRINA ANDRINIAINA JACQUINOT.Z;M
3721;MAMINIAINA FERNANDO STANISLAS;M
3722;MANANJARA  SYLVAIN MODESTE;M
3723;MANANJARA BENIT SALOMONE;M
3724;NOMENJANAHARY MAMINIAINA ISMAEL ODOLPHE;M
3725;RABENANDRASANA  ALAIN PATRICK;M
3726;RAFALIMANANA ROMEONILO JURESSE;M
3727;RAHERINIAINA ERIKO ALEX;M
3728;RAKOTOARIVAO LALASOA;M
3729;RAKOTONINDRAINY HARISAONA MAROARILALA;M
3730;RAKOTONOMENJANAHARY ALAIN DONALD FERRIER;M
3731;RAMAHEFAMANANA TOLOTRINIAINA MATIO;M
3732;RAMAMIARISON STEPHAN;M
3733;RAMAMONJISOA HERY HASINA NIAINA;M
3734;RAMAMONJY JEAN ;M
3735;RANDRIAMBELONA  RAVO MANJAKA;M
3736;RANDRIAMIAJA LAURIENT;M
3737;RANDRIAMIHARIMANANA LADIMBOLA;M
3738;RANDRIANARISOA  MAHEFA TIANA;M
3739;RANDRIANASY  FANOMEZANTSOA TOKY;M
3740;RANDRIANJAFY VOHAVY;M
3741;RANDRIATODY RITAPHA STENNIO;M
3742;RANJALAHY DENIS ARNOT;M
3743;RAOSOLONIRINA  NANTENAINA GAETAN;M
3744;RATELO   SOLONDRAIBE ELIOT;M
3745;RAVELOMIHAJA  ERIC FREDEL;M
3746;RAZAFINDRATOMBO HARENA GERMAIN;M
3747;RAZANAME TIERRS GERARD PRIVA;M
3748;RENE EDIERS XAVIER;M
3749;RWASSAN NAH HAD CANDAS;M
3750;TOJOSOA . A  PATRICK;M
3801;ANDRIAMIHARIMBOAHANGY VONISOA;F
3802;DINA  VALISOA NATACHA;F
3803;FELANJANAHARY MANITRARIVO TOUTOU U.;F
3804;NANTENAIKO MELINAH PELIANE;F
3805;RAFANOMEZANA  LEONIE ;F
3806;RAZAFINDRAZAKA  F.MICKAELLA;F
3807;RAZANADRAMBAHY  F.MERCIA;F
3808;ANDRIAMAHARO RICHARD;M
3809;ANDRIANARSON ERIC ;M
3810;ANDRIANIRINA  HARENA FITIAVANA;M
3811;ANDRIANJA ARNAUD FELIX;M
3812;ANDRINIRINA STEPHANO R.;M
3813;BINY DANSO MEDAE DIARY;M
3814;HENJANY FINOMA MOROSE;M
3815;IMPANO EGEBIO;M
3816;IRCHAD SAMBALIS;M
3817;JAOHITA PAULBERT;M
3818;JAX MITERAN ;M
3819;JIAH HARIMANA GABRIEL;M
3820;JOHNSON ANDRIARIMANANA FRANCIS;M
3821;MAHENINTSOA TENDRY NASANDRATRA;M
3822;MAMENOHAHY JEAN NOEL ;M
3823;MAMILAZA THEOGENE VASILY;M
3824;MANANA  ANDRIAMANJAKA;M
3825;MANANETO NAH HORATIEN;M
3826;MANIRY ETIENNE;M
3827;MANJATOMANANA BOTO JEAN REMI;M
3828;PATRICK  JULIEN TAFITA KIBORINY;M
3829;RABEFANANANA NARINDRA ASRAPHE;M
3830;RAFIDISON  ANGELIOT SER. E.;M
3831;RAKOTO FARALAHY JEAN L. P.;M
3832;RAKOTONANDRASANA  HANITRINIAINA DENIS BRUNO;M
3833;RALAIARINOSY RADO MICHEL;M
3834;RAMAHAFALY C.RONALDO;M
3835;RAMANALINARIVO D.MICHEL;M
3836;RANDRIAMANJAKA HERINIAINA DIEU DONNE;M
3837;RANDRIAMIAROTIANA AVOTRINIAINA EMILIN;M
3838;RANDRIAMIHAJA  JEAN DANIEL;M
3839;RANDRIAMORA HARIME ELIODA;M
3840;RANDRIANAMBINITSOA TOLOTRA LOVASOA;M
3841;RANDRIANATOANDRO M.FRANCLIN;M
3842;RATOVOARISON CLARK PASCAL;M
3843;RAZAFIMAHEFA  ERNEST.R;M
3844;RAZAFIRAVOMAHEFA D'ASSIN I A;M
3845;RAZANANDRAIBE MITONDRASOA S. M;M
3846;SANTATRINIAINA JEAN BRUNO;M
3847;SARELINA NALAINA CLINTON;M
3848;TOVONDRAY FANJANIRIKO ALEXANDROS;M
3849;TSIORY M.PIERRE;M
3850;ZAFINDRABINY ELIAS.;M